
CREATE TABLE `contents_files` (
	`id` INT(11) NOT NULL AUTO_INCREMENT,
	`name` VARCHAR(255) NULL DEFAULT NULL COLLATE 'utf8mb4_general_ci',
	`url` VARCHAR(255) NULL DEFAULT NULL COLLATE 'utf8mb4_general_ci',
	`bucket` VARCHAR(255) NULL DEFAULT NULL COLLATE 'utf8mb4_general_ci',
	`type` VARCHAR(255) NULL DEFAULT NULL COLLATE 'utf8mb4_general_ci',
	`format` VARCHAR(255) NULL DEFAULT NULL COLLATE 'utf8mb4_general_ci',
	`size` VARCHAR(255) NULL DEFAULT NULL COLLATE 'utf8mb4_general_ci',
	`peso` VARCHAR(255) NULL DEFAULT NULL COLLATE 'utf8mb4_general_ci',
	`embed` VARCHAR(255) NULL DEFAULT NULL COLLATE 'utf8mb4_general_ci',
	`content_id` BIGINT(20) UNSIGNED DEFAULT '0',
	`created_at` DATETIME NULL DEFAULT current_timestamp(),
	`updated_at` DATETIME NULL DEFAULT current_timestamp() ON UPDATE current_timestamp(),
	`deleted_at` DATETIME NULL DEFAULT NULL,
	PRIMARY KEY (`id`) USING BTREE
);


ALTER TABLE `sections` ADD COLUMN `external` INT(1) NULL DEFAULT '1' AFTER `status`;
ALTER TABLE `sections` ADD COLUMN `url_api` VARCHAR(255) NULL DEFAULT NULL AFTER `external`;
ALTER TABLE `sections` ADD COLUMN `body_api` VARCHAR(255) NULL DEFAULT NULL AFTER `external`;

ALTER TABLE `contents` ADD COLUMN 	`url` VARCHAR(255) NULL DEFAULT NULL AFTER `description`;


INSERT INTO `templates_views` (`id`, `nombre`, `view_twig`, `slug`, `index`, `template_id`, `created_at`, `updated_at`, `deleted_at`) VALUES (25, 'Principal', 'home.twig', NULL, 1, 5, '2021-08-12 10:19:31', '2022-06-24 09:54:09', NULL);
INSERT INTO `templates_views` (`id`, `nombre`, `view_twig`, `slug`, `index`, `template_id`, `created_at`, `updated_at`, `deleted_at`) VALUES (26, 'Podcast', 'podcast.twig', 'podcast', 1, 5, '2021-08-12 10:19:31', '2022-06-23 21:53:41', NULL);

INSERT INTO `contents_types` (`id`, `name`, `alias`, `settings`, `create`, `company_id`, `created_at`, `updated_at`, `deleted_at`) VALUES (26, 'Registro', 'registros', '{ \r\n    "name": {\r\n        "label": "titulo 1", \r\n        "type": "input"\r\n    }\r\n}', 1, 6, '2022-04-27 11:09:41', '2022-06-24 22:55:12', NULL);
INSERT INTO `contents_types` (`id`, `name`, `alias`, `settings`, `create`, `company_id`, `created_at`, `updated_at`, `deleted_at`) VALUES (27, 'Beneficios', 'beneficios', '{ \r\n    "name": {\r\n        "label": "description", \r\n        "type": "textarea"\r\n    },\r\n    "images": {\r\n        "label": "Logo", \r\n        "type": "input",\r\n        "plugin": "images"\r\n    }\r\n}', 1, 6, '2022-06-24 22:35:56', '2022-06-24 22:55:09', NULL);
INSERT INTO `contents_types` (`id`, `name`, `alias`, `settings`, `create`, `company_id`, `created_at`, `updated_at`, `deleted_at`) VALUES (28, 'Recursos', 'recursos', '{ \r\n    "name": {\r\n        "label": "description", \r\n        "type": "textarea"\r\n    },\r\n    "images": {\r\n        "label": "Logo", \r\n        "type": "input",\r\n        "plugin": "images"\r\n    }\r\n}', 1, 6, '2022-06-24 22:35:56', '2022-06-24 22:37:49', NULL);
INSERT INTO `contents_types` (`id`, `name`, `alias`, `settings`, `create`, `company_id`, `created_at`, `updated_at`, `deleted_at`) VALUES (29, 'Banner', 'banners', '{ \r\n    "name": {\r\n        "label": "Titulo", \r\n        "type": "textarea"\r\n    },\r\n    "description": {\r\n        "label": "Descripcion", \r\n        "type": "textarea"\r\n    },\r\n    "images": {\r\n        "label": "Logo", \r\n        "type": "input",\r\n        "plugin": "images"\r\n    }\r\n}', 1, 6, '2022-06-24 22:35:56', '2022-06-25 00:14:35', NULL);
INSERT INTO `contents_types` (`id`, `name`, `alias`, `settings`, `create`, `company_id`, `created_at`, `updated_at`, `deleted_at`) VALUES (30, 'Articulos', 'articulos', '{ \r\n    "name": {\r\n        "label": "Titulo", \r\n        "type": "input"\r\n    },\r\n    "description": {\r\n        "label": "Descripcion", \r\n        "type": "textarea"\r\n    }\r\n}', 1, 6, '2022-06-24 22:35:56', '2022-06-25 00:14:06', NULL);
INSERT INTO `contents_types` (`id`, `name`, `alias`, `settings`, `create`, `company_id`, `created_at`, `updated_at`, `deleted_at`) VALUES (31, 'Noticias', 'notices', '{ \r\n    "name": {\r\n        "label": "Titulo", \r\n        "type": "input"\r\n    },\r\n    "description": {\r\n        "label": "Descripcion", \r\n        "type": "textarea"\r\n    }\r\n}', 1, 6, '2022-06-24 22:35:56', '2022-06-27 11:48:28', NULL);
INSERT INTO `contents_types` (`id`, `name`, `alias`, `settings`, `create`, `company_id`, `created_at`, `updated_at`, `deleted_at`) VALUES (32, 'Proximos Eventos', 'events', '{ \r\n    "name": {\r\n        "label": "Titulo", \r\n        "type": "input"\r\n    },\r\n    "description": {\r\n        "label": "Descripcion", \r\n        "type": "textarea"\r\n    }\r\n}', 1, 6, '2022-06-24 22:35:56', '2022-06-27 11:48:31', NULL);
INSERT INTO `contents_types` (`id`, `name`, `alias`, `settings`, `create`, `company_id`, `created_at`, `updated_at`, `deleted_at`) VALUES (34, 'Banner Podcast', 'podcast', '{ \r\n    "name": {\r\n        "label": "Titulo", \r\n        "type": "input"\r\n    },\r\n    "caption": {\r\n        "label": "Subtitulo", \r\n        "type": "input"\r\n    },\r\n    "description": {\r\n        "label": "Descripcion", \r\n        "type": "textarea"\r\n    }\r\n}', 1, 6, '2022-06-24 22:35:56', '2022-06-27 21:44:05', NULL);
INSERT INTO `contents_types` (`id`, `name`, `alias`, `settings`, `create`, `company_id`, `created_at`, `updated_at`, `deleted_at`) VALUES (35, 'Episodio Podcast', 'episodios', '{ \r\n    "name": {\r\n        "label": "Titulo", \r\n        "type": "input"\r\n    },\r\n    "caption": {\r\n        "label": "Subtitulo", \r\n        "type": "input"\r\n    },\r\n    "description": {\r\n        "label": "Descripcion", \r\n        "type": "textarea"\r\n    },\r\n    "images": {\r\n        "label": "Colección de imágenes", \r\n        "type": "array",\r\n        "plugin": "images"\r\n    },\r\n    "files": {\r\n        "label": "Archivo de audio", \r\n        "type": "input",\r\n        "plugin": "files",\r\n        "accept": ".mp3"\r\n    }\r\n}', 1, 6, '2022-06-24 22:35:56', '2022-06-27 23:47:52', NULL);


INSERT INTO `sections` (`id`, `name`, `description`, `caption`, `color`, `alias`, `status`, `external`, `type_id`, `company_id`, `created_at`, `updated_at`, `deleted_at`) VALUES (28, '¡Sé parte de la comunidad!', '', '', NULL, 'registros', 1, 0, NULL, 6, '2022-06-24 19:56:49', '2022-06-24 22:46:26', NULL);
INSERT INTO `sections` (`id`, `name`, `description`, `caption`, `color`, `alias`, `status`, `external`, `type_id`, `company_id`, `created_at`, `updated_at`, `deleted_at`) VALUES (29, 'BENEFICIOS', '', '', NULL, 'beneficios', 1, 0, NULL, 6, '2022-06-24 22:37:03', '2022-06-24 22:46:24', NULL);
INSERT INTO `sections` (`id`, `name`, `description`, `caption`, `color`, `alias`, `status`, `external`, `type_id`, `company_id`, `created_at`, `updated_at`, `deleted_at`) VALUES (30, 'RECURSOS DISPONIBLES', '', '', NULL, 'recursos', 1, 0, NULL, 6, '2022-06-24 22:55:38', '2022-06-24 22:56:38', NULL);
INSERT INTO `sections` (`id`, `name`, `description`, `caption`, `color`, `alias`, `status`, `external`, `type_id`, `company_id`, `created_at`, `updated_at`, `deleted_at`) VALUES (31, 'Banner', '', '', NULL, 'banners', 1, 0, NULL, 6, '2022-06-25 00:16:16', '2022-06-25 00:24:28', NULL);
INSERT INTO `sections` (`id`, `name`, `description`, `caption`, `color`, `alias`, `status`, `external`, `type_id`, `company_id`, `created_at`, `updated_at`, `deleted_at`) VALUES (32, 'Articulos', '', '', NULL, 'articulos', 1, 0, NULL, 6, '2022-06-25 00:16:33', '2022-06-25 00:24:32', NULL);
INSERT INTO `sections` (`id`, `name`, `description`, `caption`, `color`, `alias`, `status`, `external`, `type_id`, `company_id`, `created_at`, `updated_at`, `deleted_at`) VALUES (33, 'NOTICIAS RECIENTES', '', '', NULL, 'noticias', 1, 0, NULL, 6, '2022-06-27 11:49:24', '2022-06-27 15:36:28', NULL);
INSERT INTO `sections` (`id`, `name`, `description`, `caption`, `color`, `alias`, `status`, `external`, `type_id`, `company_id`, `created_at`, `updated_at`, `deleted_at`) VALUES (34, 'PRÓXIMOS EVENTOS', '', '', NULL, 'eventos', 1, 0, NULL, 6, '2022-06-27 11:49:48', '2022-06-27 15:36:31', NULL);
INSERT INTO `sections` (`id`, `name`, `description`, `caption`, `color`, `alias`, `status`, `external`, `type_id`, `company_id`, `created_at`, `updated_at`, `deleted_at`) VALUES (35, 'Podcast', '', '', NULL, 'podcast', 1, 0, NULL, 6, '2022-06-27 21:42:37', '2022-06-27 22:15:57', NULL);
INSERT INTO `sections` (`id`, `name`, `description`, `caption`, `color`, `alias`, `status`, `external`, `type_id`, `company_id`, `created_at`, `updated_at`, `deleted_at`) VALUES (36, 'Episodios', '', '', NULL, 'episodios', 1, 0, NULL, 6, '2022-06-27 22:19:19', '2022-06-27 22:19:27', NULL);


INSERT INTO `menus` (`id`, `name`, `image`, `order`, `slug`, `url`, `parent_id`, `company_id`, `template_view_id`, `created_at`, `updated_at`, `deleted_at`) VALUES (26, 'Home', NULL, 1, 'home', '', 0, 6, 25, '2022-06-24 19:00:17', '2022-06-24 19:00:17', NULL);
INSERT INTO `menus` (`id`, `name`, `image`, `order`, `slug`, `url`, `parent_id`, `company_id`, `template_view_id`, `created_at`, `updated_at`, `deleted_at`) VALUES (27, 'Capacitaciones', NULL, 2, 'capacitaciones', 'https://fri.com.pe/esan-capacitaciones', 0, 6, 2, '2022-06-24 19:40:28', '2022-06-24 19:40:28', NULL);
INSERT INTO `menus` (`id`, `name`, `image`, `order`, `slug`, `url`, `parent_id`, `company_id`, `template_view_id`, `created_at`, `updated_at`, `deleted_at`) VALUES (28, 'Publicaciones', NULL, 3, 'publicaciones', 'https://fri.com.pe/esan-publicaciones', 0, 6, 2, '2022-06-24 19:46:52', '2022-06-24 19:46:52', NULL);
INSERT INTO `menus` (`id`, `name`, `image`, `order`, `slug`, `url`, `parent_id`, `company_id`, `template_view_id`, `created_at`, `updated_at`, `deleted_at`) VALUES (29, 'Podcast', NULL, 4, 'podcast', '', 0, 6, 26, '2022-06-24 19:49:08', '2022-06-24 19:49:08', NULL);



INSERT INTO `menus_sections` (`menu_id`, `section_id`, `order`, `created_at`, `updated_at`, `deleted_at`) VALUES (26, 28, 5, '2022-06-24 19:56:49', '2022-06-27 11:51:37', NULL);
INSERT INTO `menus_sections` (`menu_id`, `section_id`, `order`, `created_at`, `updated_at`, `deleted_at`) VALUES (26, 29, 4, '2022-06-24 22:37:03', '2022-06-27 11:51:36', NULL);
INSERT INTO `menus_sections` (`menu_id`, `section_id`, `order`, `created_at`, `updated_at`, `deleted_at`) VALUES (26, 30, 3, '2022-06-24 22:55:38', '2022-06-27 11:51:34', NULL);
INSERT INTO `menus_sections` (`menu_id`, `section_id`, `order`, `created_at`, `updated_at`, `deleted_at`) VALUES (26, 31, 0, '2022-06-25 00:16:16', '2022-06-25 00:16:16', NULL);
INSERT INTO `menus_sections` (`menu_id`, `section_id`, `order`, `created_at`, `updated_at`, `deleted_at`) VALUES (26, 32, 0, '2022-06-25 00:16:33', '2022-06-25 00:16:33', NULL);
INSERT INTO `menus_sections` (`menu_id`, `section_id`, `order`, `created_at`, `updated_at`, `deleted_at`) VALUES (26, 33, 1, '2022-06-27 11:49:24', '2022-06-27 11:51:28', NULL);
INSERT INTO `menus_sections` (`menu_id`, `section_id`, `order`, `created_at`, `updated_at`, `deleted_at`) VALUES (26, 34, 2, '2022-06-27 11:49:48', '2022-06-27 11:51:30', NULL);
INSERT INTO `menus_sections` (`menu_id`, `section_id`, `order`, `created_at`, `updated_at`, `deleted_at`) VALUES (29, 35, 1, '2022-06-27 21:42:37', '2022-06-28 01:28:20', NULL);
INSERT INTO `menus_sections` (`menu_id`, `section_id`, `order`, `created_at`, `updated_at`, `deleted_at`) VALUES (29, 36, 2, '2022-06-27 22:19:19', '2022-06-28 01:28:21', NULL);


INSERT INTO `contents` (`id`, `name`, `caption`, `description`, `image`, `file`, `color`, `order`, `status`, `section_id`, `type_id`, `company_id`, `created_at`, `updated_at`, `deleted_at`) VALUES (104, 'Correo electrónico', NULL, NULL, NULL, NULL, NULL, 1, 1, 28, 26, 6, '2022-06-24 20:18:28', '2022-06-24 20:18:28', NULL);
INSERT INTO `contents` (`id`, `name`, `caption`, `description`, `image`, `file`, `color`, `order`, `status`, `section_id`, `type_id`, `company_id`, `created_at`, `updated_at`, `deleted_at`) VALUES (105, 'Ofrece una tienda virtual de cursos, diplomados, especializaciones, entre oros.', NULL, NULL, NULL, NULL, NULL, 1, 1, 29, 27, 6, '2022-06-24 22:38:45', '2022-06-24 22:38:45', NULL);
INSERT INTO `contents` (`id`, `name`, `caption`, `description`, `image`, `file`, `color`, `order`, `status`, `section_id`, `type_id`, `company_id`, `created_at`, `updated_at`, `deleted_at`) VALUES (106, 'Podrás encontrar distintos tipos de asesoría especializada.', NULL, NULL, NULL, NULL, NULL, 2, 1, 29, 27, 6, '2022-06-24 22:39:27', '2022-06-24 22:39:27', NULL);
INSERT INTO `contents` (`id`, `name`, `caption`, `description`, `image`, `file`, `color`, `order`, `status`, `section_id`, `type_id`, `company_id`, `created_at`, `updated_at`, `deleted_at`) VALUES (107, 'Podrás encontrar las principales noticias financieras globales', NULL, NULL, NULL, NULL, NULL, 3, 1, 29, 27, 6, '2022-06-24 22:40:03', '2022-06-24 22:40:03', NULL);
INSERT INTO `contents` (`id`, `name`, `caption`, `description`, `image`, `file`, `color`, `order`, `status`, `section_id`, `type_id`, `company_id`, `created_at`, `updated_at`, `deleted_at`) VALUES (108, 'Podrás calcular la valorización y el costo de capital de las empresas.. Asimismo , encontrar el servicio adecuado a tus necesidades.', NULL, NULL, NULL, NULL, NULL, 4, 1, 29, 27, 6, '2022-06-24 22:41:55', '2022-06-24 22:41:55', NULL);
INSERT INTO `contents` (`id`, `name`, `caption`, `description`, `image`, `file`, `color`, `order`, `status`, `section_id`, `type_id`, `company_id`, `created_at`, `updated_at`, `deleted_at`) VALUES (109, 'Ofrece un catálogo de libros, articulos y vídeos especializados en finanzas gratuitos o de paga.', NULL, NULL, NULL, NULL, NULL, 5, 1, 29, 27, 6, '2022-06-24 22:42:51', '2022-06-24 22:42:51', NULL);
INSERT INTO `contents` (`id`, `name`, `caption`, `description`, `image`, `file`, `color`, `order`, `status`, `section_id`, `type_id`, `company_id`, `created_at`, `updated_at`, `deleted_at`) VALUES (110, 'Podrás realizar simulacros. Llevar el control de los examenes resueltos. Revisar las estadisticas por área tematica. Revisar el solucionario de preguntas.', NULL, NULL, NULL, NULL, NULL, 6, 1, 29, 27, 6, '2022-06-24 22:44:12', '2022-06-24 22:44:12', NULL);
INSERT INTO `contents` (`id`, `name`, `caption`, `description`, `image`, `file`, `color`, `order`, `status`, `section_id`, `type_id`, `company_id`, `created_at`, `updated_at`, `deleted_at`) VALUES (111, 'Brinda las principales noticias a nivel  nacional e internacional del sector financiero', NULL, NULL, NULL, NULL, NULL, 1, 1, 30, 28, 6, '2022-06-24 22:57:44', '2022-06-24 22:57:44', NULL);
INSERT INTO `contents` (`id`, `name`, `caption`, `description`, `image`, `file`, `color`, `order`, `status`, `section_id`, `type_id`, `company_id`, `created_at`, `updated_at`, `deleted_at`) VALUES (112, 'Calcula el costo de capital y el costo promedio ponderado de capital de tu inversión. Accede también a reportes especializados.', NULL, NULL, NULL, NULL, NULL, 2, 1, 30, 28, 6, '2022-06-24 23:00:53', '2022-06-24 23:00:53', NULL);
INSERT INTO `contents` (`id`, `name`, `caption`, `description`, `image`, `file`, `color`, `order`, `status`, `section_id`, `type_id`, `company_id`, `created_at`, `updated_at`, `deleted_at`) VALUES (113, 'Ofrece cursos, especializaciones,  seminarios, diplomados para su crecimiento  y desarrollo profesional.', NULL, NULL, NULL, NULL, NULL, 3, 1, 30, 28, 6, '2022-06-24 23:01:29', '2022-06-24 23:01:29', NULL);
INSERT INTO `contents` (`id`, `name`, `caption`, `description`, `image`, `file`, `color`, `order`, `status`, `section_id`, `type_id`, `company_id`, `created_at`, `updated_at`, `deleted_at`) VALUES (114, 'Integra simulacros  para CFA y otras certificaciones‎. Asimismo,  lleva registro de los exámenes resueltos', NULL, NULL, NULL, NULL, NULL, 4, 1, 30, 28, 6, '2022-06-24 23:11:30', '2022-06-24 23:11:30', NULL);
INSERT INTO `contents` (`id`, `name`, `caption`, `description`, `image`, `file`, `color`, `order`, `status`, `section_id`, `type_id`, `company_id`, `created_at`, `updated_at`, `deleted_at`) VALUES (115, 'Aula virtual donde podrás revisar contenidos y asistir a clases virtuales', NULL, NULL, NULL, NULL, NULL, 5, 1, 30, 28, 6, '2022-06-24 23:11:41', '2022-06-24 23:11:41', NULL);
INSERT INTO `contents` (`id`, `name`, `caption`, `description`, `image`, `file`, `color`, `order`, `status`, `section_id`, `type_id`, `company_id`, `created_at`, `updated_at`, `deleted_at`) VALUES (116, 'Biblioteca Digital que permitirá obtener  Libros, revistas, audiolibros, blogs y diversos recursos educativos gratuitos  y de pago.', NULL, NULL, NULL, NULL, NULL, 6, 1, 30, 28, 6, '2022-06-24 23:11:53', '2022-06-24 23:11:53', NULL);
INSERT INTO `contents` (`id`, `name`, `caption`, `description`, `image`, `file`, `color`, `order`, `status`, `section_id`, `type_id`, `company_id`, `created_at`, `updated_at`, `deleted_at`) VALUES (117, 'COMUNIDAD FINANCIERA', NULL, 'Brinda y permite compartir y difundir conocimientos financieros, servicios y experiencias entre sus miembros. Funciona a través de una plataforma integrada e interactiva, donde encontrarás los mejores recursos para desarrollar, conectar e interactuar de manera profesional.', NULL, NULL, NULL, 1, 1, 31, 29, 6, '2022-06-25 00:17:33', '2022-06-25 00:17:33', NULL);
INSERT INTO `contents` (`id`, `name`, `caption`, `description`, `image`, `file`, `color`, `order`, `status`, `section_id`, `type_id`, `company_id`, `created_at`, `updated_at`, `deleted_at`) VALUES (118, 'Sergio Bravo', NULL, 'Valorización de Start Ups', NULL, NULL, NULL, 2, 1, 32, 30, 6, '2022-06-25 00:17:58', '2022-06-25 00:20:18', NULL);
INSERT INTO `contents` (`id`, `name`, `caption`, `description`, `image`, `file`, `color`, `order`, `status`, `section_id`, `type_id`, `company_id`, `created_at`, `updated_at`, `deleted_at`) VALUES (119, 'Sergio Bravo', NULL, 'Análisis del efecto del riesgo país en el costo de la deuda soberana', NULL, NULL, NULL, 3, 1, 32, 30, 6, '2022-06-25 00:18:22', '2022-06-25 00:19:32', NULL);
INSERT INTO `contents` (`id`, `name`, `caption`, `description`, `image`, `file`, `color`, `order`, `status`, `section_id`, `type_id`, `company_id`, `created_at`, `updated_at`, `deleted_at`) VALUES (120, 'Sergio Bravo', NULL, 'Capacidad de endeudamiento y financiamiento de inversiones de la empresa', NULL, NULL, NULL, 1, 1, 32, 30, 6, '2022-06-25 00:18:38', '2022-06-25 00:20:13', NULL);
INSERT INTO `contents` (`id`, `name`, `caption`, `description`, `image`, `file`, `color`, `order`, `status`, `section_id`, `type_id`, `company_id`, `created_at`, `updated_at`, `deleted_at`) VALUES (121, 'Sergio Bravo', NULL, 'Determinación de la tasa libre de riesgo en el costo de capital y la tasa de deuda', NULL, NULL, NULL, 4, 1, 32, 30, 6, '2022-06-25 00:18:54', '2022-06-25 00:19:19', NULL);
INSERT INTO `contents` (`id`, `name`, `caption`, `description`, `image`, `file`, `color`, `order`, `status`, `section_id`, `type_id`, `company_id`, `created_at`, `updated_at`, `deleted_at`) VALUES (122, 'Bienvenido al podcast de la comunidad financiera', 'Escúchalo ahora en: ', 'Un podcast semanal sobre diversos conceptos y temas de interés en el sector financiero.', NULL, NULL, NULL, 1, 1, 35, 34, 6, '2022-06-27 21:44:45', '2022-06-27 21:44:45', NULL);
INSERT INTO `contents` (`id`, `name`, `caption`, `description`, `image`, `file`, `color`, `order`, `status`, `section_id`, `type_id`, `company_id`, `created_at`, `updated_at`, `deleted_at`) VALUES (123, '¿Cuál es la diferencia entre ahorro e inversión?', 'Escúchalo ahora en: ', '', NULL, NULL, NULL, 1, 1, 36, 35, 6, '2022-06-27 22:39:25', '2022-06-27 22:40:03', NULL);


INSERT INTO `sections_contents_types` (`section_id`, `type_id`, `created_at`, `updated_at`, `deleted_at`) VALUES (28, 26, '2022-06-24 19:56:49', '2022-06-24 19:56:49', NULL);
INSERT INTO `sections_contents_types` (`section_id`, `type_id`, `created_at`, `updated_at`, `deleted_at`) VALUES (29, 27, '2022-06-24 22:37:03', '2022-06-24 22:37:03', NULL);
INSERT INTO `sections_contents_types` (`section_id`, `type_id`, `created_at`, `updated_at`, `deleted_at`) VALUES (30, 28, '2022-06-24 22:55:38', '2022-06-24 22:55:38', NULL);
INSERT INTO `sections_contents_types` (`section_id`, `type_id`, `created_at`, `updated_at`, `deleted_at`) VALUES (31, 29, '2022-06-25 00:16:16', '2022-06-25 00:16:16', NULL);
INSERT INTO `sections_contents_types` (`section_id`, `type_id`, `created_at`, `updated_at`, `deleted_at`) VALUES (32, 30, '2022-06-25 00:16:33', '2022-06-25 00:16:33', NULL);
INSERT INTO `sections_contents_types` (`section_id`, `type_id`, `created_at`, `updated_at`, `deleted_at`) VALUES (33, 31, '2022-06-27 11:49:24', '2022-06-27 11:49:24', NULL);
INSERT INTO `sections_contents_types` (`section_id`, `type_id`, `created_at`, `updated_at`, `deleted_at`) VALUES (34, 32, '2022-06-27 11:49:48', '2022-06-27 11:49:48', NULL);
INSERT INTO `sections_contents_types` (`section_id`, `type_id`, `created_at`, `updated_at`, `deleted_at`) VALUES (35, 34, '2022-06-27 21:42:37', '2022-06-27 21:42:37', NULL);
INSERT INTO `sections_contents_types` (`section_id`, `type_id`, `created_at`, `updated_at`, `deleted_at`) VALUES (36, 35, '2022-06-27 22:19:19', '2022-06-27 22:19:19', NULL);
